example_id,dataset_type,response,accuracy,g_nll,average_nll,perplexity,avg_token_probability,sequence_length
dpql_3081--77/77_636065.txt#0_2,long,donald trump,1.0,0.08662388087395811,0.02165597021848953,1.0218921626522732,0.9787909927862137,4
qw_11987--33/33_444596.txt#0_0,long,puerto rico,1.0,0.06864210916683078,0.022880703055610258,1.023144474256906,0.9774606956606157,3
odql_13428--179/179_2328241.txt#0_2,long,roumania,0.0,8.392784561379813,2.797594853793271,16.405142517091328,0.6482028842023148,3
wh_252--162/162_2659147.txt#0_1,long,the battle of the Somme,1.0,1.6501972748155822,0.23574246783079747,1.2658482715347141,0.856026242612358,7
qz_3971--21/21_196365.txt#0_0,long,michelle ryan,1.0,0.0873784784507663,0.01747569569015326,1.0176292890726522,0.9828065472898173,5
qg_762--191/191_2525665.txt#0_2,long,adam's apple,0.0,0.15133707982022315,0.03783426995505579,1.0385590981689283,0.9638591940312548,4
qb_2537--177/177_336227.txt#0_1,long,transfusion,0.0,0.11745710531249642,0.03915236843749881,1.039928923924451,0.9623723804322443,3
tc_2182--78/78_65006.txt#0_0,long,pope,0.0,2.3268776908516884,1.1634388454258442,3.2009218467404983,0.4987053513873002,2
sfq_14528--95/95_493438.txt#0_0,long,the duchess of alba,0.0,4.01991708483547,0.5024896356044337,1.6528310997429827,0.7004723220627445,8
bb_8426--98/98_1020444.txt#0_1,long,goat,1.0,0.12255712412297726,0.06127856206148863,1.0631950387425038,0.9412040328378284,2
odql_9757--12/12_139633.txt#0_2,long,goliath frog,1.0,0.8155991530729807,0.16311983061459615,1.1771777431694885,0.8846562109218622,5
bb_4945--Germany.txt#0_0,long,bundesliga,0.0,0.9000746191013604,0.2250186547753401,1.2523460782086941,0.834265261322413,4
qz_5999--134/134_385487.txt#0_0,long,stans getz,0.0,1.9657845869360244,0.3931569173872049,1.4816508678717608,0.7486154861532726,5
qf_944--160/160_2466400.txt#0_1,long,basketball,1.0,0.02377992309629917,0.011889961548149586,1.0119609281253443,0.9882157114957322,2
dpql_127--7/7_554431.txt#0_1,long,melrose,1.0,0.9915516723121982,0.3305172241040661,1.3916877567963262,0.781275110850101,3
odql_5884--11/11_405432.txt#0_0,long,the indian ocean,0.0,2.4954110415419564,0.6238527603854891,1.866103860644298,0.7246304602262897,4
qz_1794--3/3_142632.txt#0_1,long,sunday post,1.0,0.15500127582345158,0.051667091941150524,1.0530251236048538,0.9508466035659541,3
qb_6369--37/37_442927.txt#0_0,long,bosworth field,0.0,1.0075675073967432,0.2518918768491858,1.2864569339877432,0.8150389302608463,4
odql_6714--124/124_3212527.txt#0_0,long,oasis,1.0,0.13890857249498367,0.06945428624749184,1.0719230584593276,0.9330987253392821,2
bb_4857--20/20_940277.txt#0_1,long,barbator,0.0,1.4080279096961021,0.35200697742402554,1.4219184450118854,0.7327813232440749,4
odql_11176--12/12_2284937.txt#0_0,long,bcc,1.0,0.08561008737888187,0.028536695792960625,1.0289477681960206,0.9722393396948036,3
bt_3472--182/182_791380.txt#0_1,long,snow,1.0,1.0406494960188866,0.5203247480094433,1.6825739735339422,0.6537225548399073,2
qw_15697--74/74_1333011.txt#0_0,long,"peter gabriel, daryl hall and john oates, kiss, nirvana, linda ronstadt, cat stevens",0.0,4.074766169609944,0.15091726554110904,1.1629004421628628,0.9015693382289937,27
tb_1169--191/191_2063376.txt#0_2,long,luxor,1.0,0.1048803515700456,0.034960117190015204,1.035578406199198,0.9661964356712046,3
qw_11463--117/117_93387.txt#0_0,long,moon,1.0,0.06079251691699028,0.03039625845849514,1.0308629411907577,0.9700664900801477,2
wh_2955--50/50_794801.txt#0_0,long,ireland,0.0,0.9834012500805329,0.32780041669351095,1.3879119405906621,0.7847145398981988,3
qg_4089--181/181_2265370.txt#0_2,long,washington,1.0,0.06424863077700138,0.03212431538850069,1.0326458710986806,0.9686687497809622,2
bb_5497--152/152_643813.txt#0_2,long,portugal,1.0,0.040961019164569734,0.013653673054856577,1.0137473101267909,0.9865904002777155,3
sfq_17967--123/123_103337.txt#0_0,long,charles atlas,0.0,0.02166018928073754,0.005415047320184385,1.0054297351887909,0.9946153511515737,4
bb_3805--121/121_2943039.txt#0_2,long,coconut shy,0.0,0.037261299788951874,0.018630649894475937,1.0188052832775105,0.9815468638957195,2
sfq_6274--62/62_943590.txt#0_0,long,botticelli,0.0,0.3717956565769782,0.09294891414424455,1.097405671928211,0.9202501963489862,4
sfq_7181--189/189_1916422.txt#0_1,long,sternum,0.0,0.0247028417797992,0.0082342805932664,1.0082682755255858,0.9918307215018926,3
qg_488--37/37_82446.txt#0_0,long,galileo galilei,1.0,0.30259175894752843,0.05043195982458807,1.0517253013464964,0.9526588668081698,6
qf_1931--68/68_2482724.txt#0_0,long,midnight cowboy,1.0,0.05147836962714791,0.01715945654238264,1.017307525733293,0.9831204791205855,3
qf_1696--66/66_26750.txt#0_0,long,tanzania,1.0,0.18028374754760534,0.045070936886901336,1.0461020645006012,0.9576090819075278,4
qb_1494--24/24_306802.txt#0_1,long,sheffield,1.0,0.06694515596609563,0.022315051988698542,1.0225658951458105,0.9782414769292398,3
qb_5390--56/56_2628509.txt#0_1,long,malvinas,0.0,0.09486423537327937,0.031621411791093124,1.0321266803376503,0.9698284924132691,3
qw_661--149/149_1063026.txt#0_1,long,france,1.0,0.040536108426749706,0.020268054213374853,1.0204748459500106,0.9800368750053207,2
qb_8182--60/60_558286.txt#0_0,long,smell,1.0,0.07216048985719681,0.036080244928598404,1.0367390362030382,0.9647060321610215,2
sfq_14324--47/47_1545305.txt#0_1,long,audi,1.0,0.04679122846573591,0.023395614232867956,1.0236714384408816,0.976907689661184,2
bt_4353--105/105_2445487.txt#0_0,long,sheryl crow,1.0,0.08565488667227328,0.02141372166806832,1.0216446407393065,0.9793555445008504,4
tc_2257--150/150_49392.txt#0_0,long,december,1.0,0.5345972049981356,0.2672986024990678,1.3064304915031457,0.7890566604485184,2
sfq_20420--125/125_1922602.txt#0_1,long,wisconsin,1.0,0.043904806134378305,0.014634935378126102,1.0147425503835596,0.9855915543369177,3
bt_4479--28/28_2447641.txt#0,long,the press gang,0.0,0.7831823292362969,0.19579558230907423,1.2162782511289039,0.8417072625043197,4
qb_3147--114/114_354667.txt#0_2,long,the gondoliers,1.0,0.6037575870732326,0.10062626451220542,1.1058632641748274,0.9131726097940133,6
qb_388--149/149_18617.txt#0_2,long,billie jean king,0.0,1.0202559281569847,0.20405118563139696,1.2263609239079352,0.8565656673359129,5
qz_3777--128/128_191983.txt#0_2,long,vienna,1.0,0.4239519193797605,0.14131730645992016,1.1517900604344604,0.8800192585247416,3
qw_1816--138/138_1086182.txt#0_2,long,paul gauguin,1.0,0.09084318886709752,0.018168637773419503,1.0183346916055391,0.9821878020396232,5
qb_6828--25/25_2632281.txt#0_0,long,young,0.0,0.6703283786773682,0.3351641893386841,1.3981699309738034,0.7210547940049774,2
sfq_24386--33/33_2007786.txt#0_2,long,squeeze,1.0,6.246371776796877e-05,6.246371776796877e-05,1.0000624656686665,0.9999375382330494,1
qb_3702--159/159_370045.txt#0_0,long,smoking,0.0,2.1674200892448425,1.0837100446224213,2.955624734603856,0.5251677745104071,2
sfq_13345--191/191_1767828.txt#0_0,long,mir,1.0,0.06821347400546074,0.03410673700273037,1.0346950410817222,0.9664828055611335,2
qw_12886--79/79_2977981.txt#0_1,long,lisieux,1.0,0.07949973083577788,0.026499910278592626,1.026854155130878,0.9742315503680476,3
qf_2195--13/13_325145.txt#0_0,long,andre agassi,1.0,0.05537482908493985,0.013843707271234962,1.0139399751083662,0.9863223417278342,4
bb_5330--140/140_950316.txt#0_1,long,the red sea,1.0,1.521061995314085,0.507020665104695,1.6603371183690945,0.7361303356134602,3
dpql_3467--85/85_645957.txt#0_1,long,willie nelson,1.0,0.3343161977057889,0.06686323954115778,1.0691492508336542,0.9388342128276299,5
odql_3325--52/52_2810331.txt#0_2,long,Carlisle,1.0,0.42592672933096765,0.14197557644365588,1.1525484988600476,0.8809234236618101,3
jp_1076--114/114_1377217.txt#0_1,long,maine,1.0,0.06538867758354172,0.021796225861180574,1.0220354988459268,0.9786962318954581,3
bt_1706--93/93_2394404.txt#0_0,long,zip,0.0,2.9671870470046997,1.4835935235023499,4.408760232430639,0.5037783695062154,2
tc_635--8/8_16499.txt#0_0,long,peru,1.0,0.12465861067175865,0.062329305335879326,1.0643127709007647,0.93986581886781,2
qg_1526--104/104_341553.txt#0_2,long,mercury,1.0,0.035613634856417775,0.017806817428208888,1.0179663040449587,0.9825023756311388,2
bb_6324--63/63_972094.txt#0_0,long,zambia,1.0,0.08735266739677172,0.029117555798923906,1.0295456164190426,0.971517381544308,3
sfq_22542--154/154_1968503.txt#0_0,long,daewoo,1.0,0.42002440672376906,0.10500610168094227,1.110717387578145,0.9108246260382874,4
odql_3105--120/120_2809792.txt#0_0,long,enid blyton,0.0,0.10843168198994135,0.02168633639798827,1.0219231940842632,0.9790907315685772,5
sfq_6987--15/15_2753573.txt#0_0,long,photography,0.0,0.027675965800881386,0.013837982900440693,1.013934170956598,0.9863361951587376,2
qb_8861--190/190_510847.txt#0_0,long,litai,0.0,1.0074345022439957,0.33581150074799854,1.3990752753105298,0.7481392552511531,3
qf_1783--27/27_359862.txt#0_1,long,heather stanning,1.0,0.3048586960542252,0.06097173921084505,1.0628688762495384,0.9464562376728779,5
sfq_8966--137/137_1670959.txt#0_2,long,mussolini,1.0,0.2806701092631556,0.09355670308771853,1.098072865698074,0.9140196535254438,3
sfq_22266--109/109_693915.txt#0_1,long,carry on cleo,1.0,0.26201385410968214,0.05240277082193643,1.0538000969800467,0.9510904129475032,5
qb_1502--134/134_2618044.txt#0_0,long,bats,1.0,0.0518085528165102,0.0259042764082551,1.0262427081335335,0.9744402695336484,2
qw_4625--182/182_2700800.txt#0_0,long,aqueous humor,1.0,0.7663437845162662,0.19158594612906654,1.2111689239474868,0.8634258625223215,4
bb_476--74/74_94569.txt#0_0,long,July 1969,0.0,5.594741641223095,1.118948328244619,3.0616326769840736,0.6184476284146256,5
qz_2001--6/6_147605.txt#0_1,long,pablo neruda,1.0,0.05898252357292222,0.011796504714584443,1.0118663578804967,0.9883251261683895,5
qb_5694--135/135_424629.txt#0_0,long,queen,1.0,0.265899864025414,0.132949932012707,1.1421928096041665,0.881614861627795,2
odql_206--73/73_813141.txt#0_1,long,neptune,1.0,0.40309106302447617,0.1343636876748254,1.1438087331473585,0.8843180305297184,3
bt_3256--60/60_2424928.txt#0_1,long,patent flour,1.0,0.5054150756914169,0.16847169189713895,1.183494723880279,0.8606259432398877,3
qw_10365--192/192_1229944.txt#0_0,long,old trafford,1.0,0.8466367590162918,0.21165918975407294,1.2357266649959249,0.8466917517381192,4
bb_455--108/108_838985.txt#0_2,long,amazon,1.0,0.31550224125385284,0.15775112062692642,1.1708747518679257,0.854883876088737,2
odql_14628--194/194_851470.txt#0_0,long,amelia,0.0,0.4917307981631893,0.16391026605439643,1.1781085940169178,0.8690597509873398,3
sfq_23316--131/131_1618418.txt#0_0,long,vienna,1.0,0.05000141089112731,0.0166671369637091,1.0168068085873834,0.983616836555651,3
qz_5580--182/182_233604.txt#0_1,long,Nero,0.0,1.0165898352861404,0.5082949176430702,1.662454155690369,0.6677257293812213,2
sfq_24100--95/95_438302.txt#0_0,long,friends,0.0,0.10162430629134178,0.05081215314567089,1.0521252363031643,0.9505533973783269,2
qb_7625--62/62_2634404.txt#0_1,long,vietnam,1.0,0.08009110504644923,0.026697035015483078,1.0270565934381766,0.9742965217716156,3
odql_12623--90/90_717718.txt#0_2,long,utah,1.0,0.03951910906471312,0.013173036354904374,1.0132601830400216,0.9870355426092655,3
sfq_12132--72/72_1740634.txt#0_1,long,saints,0.0,0.8188734352588654,0.4094367176294327,1.505969260220834,0.7117362561967439,2
qb_8699--41/41_310048.txt#0_1,long,red,1.0,0.002057103905826807,0.002057103905826807,1.002059221195646,0.9979450104823256,1
odql_2538--189/189_425837.txt#0_1,long,volleyball,1.0,0.19133394211530685,0.09566697105765343,1.1003925404019883,0.9118279399977325,2
jp_3059--26/26_1399947.txt#0_1,long,judas,1.0,0.8313804863992118,0.27712682879973727,1.3193336899326542,0.7738116428365247,3
jp_4006--145/145_1449904.txt#0_2,long,ORSON WELLES,1.0,6.451133285914693,1.0751888809857821,2.9305463727496326,0.8300659063383035,6
odql_2197--13/13_665800.txt#0_2,long,chile,1.0,0.043726572766559,0.014575524255519667,1.0146822651803085,0.9856466232036132,3
dpql_3075--57/57_635879.txt#0_2,long,michaela tabb,1.0,0.24175890953529233,0.048351781907058466,1.0495397995037452,0.9543719479982918,5
sfq_5662--54/54_415167.txt#0_2,long,pansy,0.0,10.761712957173586,3.5872376523911953,36.13412292950295,0.5105028798867767,3
sfq_1971--27/27_3001523.txt#0_2,long,sir cloudesley shovell,1.0,1.0058371604691274,0.12572964505864093,1.1339755509435583,0.9151866876384858,8
sfq_3203--Hell's_Kitchen_(UK_TV_series).txt#0_0,long,barry mcguigan,0.0,0.9673013553041301,0.16121689255068836,1.174939776864998,0.8929956047072397,6
bt_264--110/110_1711.txt#0_0,long,amelia earhart,1.0,5.711648038857675,1.142329607771535,3.1340610002610183,0.7904583038477067,5
jp_4375--83/83_2736108.txt#0_0,long,yosemite,1.0,0.20960957804345526,0.06986985934781842,1.0723686134219592,0.9358591221094846,3
wh_1864--103/103_769441.txt#0_0,long,ringway,1.0,0.137376429134747,0.04579214304491567,1.0468567918757323,0.9568613620710559,3
qw_3063--131/131_82670.txt#0_0,long,barnum & bailey,1.0,0.991718062585278,0.165286343764213,1.179730878931948,0.8705994300357975,6
odql_2542--11/11_2808626.txt#0_1,long,thailand,1.0,0.06185901554636075,0.02061967184878692,1.0208337259929194,0.9797154916828091,3
dpql_4014--107/107_660870.txt#0_2,long,elen degeneres,1.0,3.256158842559671,0.5426931404266119,1.7206345383315615,0.7140793011457486,6
qz_3311--68/68_97141.txt#0_1,long,one,0.0,0.881121538579464,0.440560769289732,1.553578173214924,0.6867051182892594,2
sfq_21423--144/144_2788272.txt#0_0,long,byward tower,0.0,0.17643362935632467,0.04410840733908117,1.0450956447855413,0.9579714358827962,4
wh_1190--127/127_411355.txt#0_0,long,peter stuyvesant,1.0,0.13345160139669332,0.022241933566115552,1.0224911294739776,0.9783307677131657,6
sfq_15186--22/22_2773455.txt#0_0,long,the spider,0.0,1.4433102793991566,0.48110342646638554,1.6178586056475481,0.6592690963732726,3
qb_8229--63/63_493737.txt#0_1,long,the rescuers,1.0,0.3766615316271782,0.09416538290679455,1.0987414439457008,0.9142326393267883,4
sfq_8614--100/100_1662867.txt#0_5,long,mtzuma,0.0,6.5889032781124115,1.6472258195281029,5.1925547435697315,0.5818236612905674,4
sfq_22477--53/53_318005.txt#0_2,long,"27, 27 and 27",0.0,1.8341155536763836,0.20379061707515372,1.2260414144414273,0.8543554112312202,9
bb_2276--42/42_883302.txt#0_1,long,scotland,1.0,0.04840199905447662,0.01613399968482554,1.0162648554528493,0.9842053011530334,3
tc_1938--155/155_57137.txt#0_1,long,south africa,1.0,0.08472427679225802,0.02824142559741934,1.0286439954370314,0.9724648219212518,3
odql_1853--0/0_2112627.txt#0_0,long,hoag,0.0,1.3984509855508804,0.46615032851696014,1.5938465819329102,0.7069999704230613,3
qg_3271--66/66_2533261.txt#0_2,long,kentucky derby,1.0,0.21236223936057286,0.053090559840143214,1.054525138423324,0.9508750383882365,4
qz_5877--148/148_240409.txt#0_0,long,tartar,1.0,0.6655126697814921,0.22183755659383073,1.2483685721494893,0.8343409514933847,3
odql_14853--114/114_1247260.txt#0_1,long,1994,0.0,1.9526892152498476,0.4881723038124619,1.629335566517505,0.7535660086178748,4
wh_156--I'm_a_Celebrity...Get_Me_Out_of_Here!_(UK_series_5).txt#0_0,long,sheree murphy,0.0,1.676644748013132,0.3353289496026264,1.3984003127990308,0.8268526176159636,5
odql_4802--148/148_1652317.txt#0_1,long,acne,0.0,0.2864486873149872,0.2864486873149872,1.3316898335600509,0.7509256095517877,1
qf_364--185/185_2457360.txt#0_0,long,lautere,0.0,8.403575792908669,2.8011919309695563,16.46425934095968,0.39218303015912737,3
odql_8247--176/176_1183968.txt#0_0,long,baseball,1.0,0.04829917475581169,0.024149587377905846,1.0244435502540172,0.9761396960204655,2
sfq_25528--123/123_2033010.txt#0_0,long,susie dent,1.0,0.015899995119980304,0.007949997559990152,1.0079816827005321,0.9921127050593965,2
qg_2553--36/36_81264.txt#0_1,long,e pluribus unum,1.0,0.03265588479280268,0.005442647465467114,1.0054574855785094,0.9946094350340849,6
bt_2852--75/75_2417406.txt#0_1,long,claire goose,1.0,0.2448139053885825,0.061203476347145624,1.0631152109805335,0.9432724459706667,4
sfq_13456--144/144_1578174.txt#0_1,long,doncaster rovers,1.0,0.4953578307031421,0.09907156614062843,1.1041453161503618,0.9173040462361108,5
qw_14570--139/139_1315393.txt#0_0,long,tarantula,1.0,5.703375731537562,1.4258439328843906,4.161368276795142,0.7472783176616511,4
sfq_10437--135/135_1466322.txt#0_0,long,adam smith,1.0,0.34773299616063014,0.11591099872021005,1.1228959285110571,0.8987126048200524,3
qz_2980--37/37_55261.txt#0_2,long,persistence of memory,1.0,0.06321597234637011,0.015803993086592527,1.0159295366767451,0.9845368794656391,4
qb_1688--101/101_312407.txt#0_0,long,valentino garavani,1.0,0.34509867165155583,0.04929981023593655,1.0505352647560326,0.9559614602217225,7
qw_9748--135/135_39202.txt#0_2,long,taekwondo,1.0,0.027695174320285787,0.005539034864057157,1.005554403680704,0.9945066756161367,5
jp_2683--186/186_1418025.txt#0_2,long,Kix,1.0,4.860646348446608,1.6202154494822025,5.0541791195429004,0.6370298256636997,3
odql_4564--45/45_1774711.txt#0_0,long,dogs,1.0,0.03202856332063675,0.03202856332063675,1.032546997854886,0.9684789187102356,1
odql_8365--188/188_262755.txt#0_1,long,harvard,1.0,0.022942115379919414,0.007647371793306472,1.007676687623014,0.9923994498039542,3
jp_1878--25/25_1397691.txt#0_0,long,Shaft,1.0,2.3996877148747444,1.1998438574373722,3.3195985516429563,0.5145025410037363,2
qz_3023--106/106_173524.txt#0_0,long,prince edward of wales and susan tevez,0.0,13.479802661044232,1.1233168884203526,3.075036860743682,0.6063950605774174,12
tc_783--72/72_2593823.txt#0_1,long,cartoons,1.0,0.18807683140039444,0.09403841570019722,1.0986019486696406,0.9110812649652347,2
tc_2359--127/127_71063.txt#0_0,long,john Buchan,1.0,6.557144433072608,1.639286108268152,5.151490592674994,0.736273864610566,4
qb_574--35/35_280986.txt#0_1,long,tokyo,1.0,0.7333873589441282,0.18334683973603205,1.2012309704691715,0.8628731886425286,4
dpql_1631--122/122_596455.txt#0_0,long,lost in translation,1.0,0.07339916093769716,0.01834979023442429,1.0185191821510038,0.9821304838175859,4
sfq_634--98/98_901854.txt#0_0,long,bitter almond,1.0,0.07796684559434652,0.02598894853144884,1.026329605961403,0.974421392172141,3
sfq_25402--57/57_2030191.txt#0_2,long,patrick armstrong,0.0,0.117066233571677,0.023413246714335402,1.0236894884676815,0.9773402750298523,5
sfq_668--20/20_1363097.txt#0_1,long,demi moore,1.0,1.4502009409478092,0.4834003136492697,1.621578915272726,0.7434400695246532,3
jp_1572--159/159_685600.txt#0_0,long,cheers,1.0,0.02753967046737671,0.02753967046737671,1.0279223924601548,0.9728360889256168,1
sfq_25914--50_(number).txt#0_0,long,hydrogen,0.0,2.1168890427798033,1.0584445213899016,2.8818847909306555,0.5475257964670125,2
sfq_9379--37/37_1679055.txt#0_1,long,honda,1.0,0.08934775460511446,0.04467387730255723,1.0456867821010736,0.9567888284521462,2
qb_7372--177/177_98429.txt#0_2,long,6,0.0,3.1473962208256125,1.0491320736085374,2.8551719632577743,0.6688440695940715,3
bt_824--124/124_995752.txt#0_1,long,the drifters,1.0,3.2274159491061027,0.8068539872765257,2.2408471521105344,0.629283128684595,4
wh_495--37/37_2926588.txt#0_1,long,tommi roe,1.0,5.419845891650766,0.903307648608461,2.467752083503945,0.6651856908000089,6
tb_1170--172/172_2063410.txt#0_0,long,crete,1.0,0.05921931269404013,0.019739770898013376,1.0199358884888008,0.9805570388031294,3
qw_1393--125/125_2694259.txt#0_0,long,elizabeth taylor,0.0,1.1773588461801126,0.2354717692360225,1.2655056545614702,0.8382691178304388,5
qb_8996--151/151_2637831.txt#0_0,long,noel edmonds,1.0,1.6019535801228812,0.32039071602457625,1.3776659353505454,0.8351051263518917,5
qw_2309--75/75_263961.txt#0_1,long,unesco,1.0,0.8343122044170741,0.2781040681390247,1.3206236249010448,0.8060951861367419,3
dpql_6084--154/154_2657783.txt#0_0,long,stanislas wawrinka,1.0,0.050047913167304614,0.006255989145913077,1.0062755987171041,0.9938000891951779,8
qg_3077--116/116_1355464.txt#0_0,long,chile,1.0,0.06110238283770286,0.020367460945900955,1.0205762930622508,0.9800051143028193,3
sfq_23639--86/86_1607077.txt#0_0,long,bear grylls,1.0,0.6121024026579107,0.10201706710965179,1.1074023717243557,0.9183327651916598,6
jp_1655--92/92_1391976.txt#0_0,long,space jam,1.0,5.793182737310417,1.9310609124368057,6.89682328724471,0.6669621516144347,3
bt_1024--151/151_108800.txt#0_0,long,swindon,1.0,0.5732348859055492,0.1433087214763873,1.154086037819779,0.879236805601493,4
tc_2250--43/43_67037.txt#0_0,long,earthquake,1.0,0.1549012940376997,0.07745064701884985,1.0805289038199846,0.9269858201228904,2
qw_3191--24/24_1085500.txt#0_2,long,jack brabham,1.0,0.08675636260869624,0.017351272521739246,1.017502680288931,0.9830375068960986,5
jp_2475--173/173_133780.txt#0_2,long,alaska,0.0,0.24024715111590922,0.08008238370530307,1.0833763165537766,0.9246813531395408,3
odql_12438--52/52_1779413.txt#0_0,long,gary puckett,1.0,0.555563166535876,0.138890791633969,1.148998612890523,0.889034177700025,4
qf_530--164/164_2459775.txt#0_0,long,tetanus,1.0,0.03793387714540586,0.012644625715135286,1.0127249070136775,0.9875534410652081,3
jp_1386--197/197_2415925.txt#0_2,long,jupiter,1.0,0.06432466175465379,0.02144155391821793,1.0216730758042158,0.9789041044821957,3
sfq_16856--9/9_1846523.txt#0_0,long,bangladesh,1.0,0.0488726555086032,0.016290885169534402,1.0164243051646353,0.9839062824153576,3
sfq_10025--172/172_3020164.txt#0_1,long,nutbush,1.0,0.06102390229349908,0.01525597557337477,1.0153729420241895,0.9851709499173542,4
sfq_21320--53/53_2087897.txt#0_0,long,gorky,1.0,0.45293411292050223,0.1509780376401674,1.1629711162112122,0.8784970751139878,3
odql_7980--187/187_83028.txt#0_0,long,magma,1.0,0.03271584026515484,0.01635792013257742,1.016492443414165,0.9838242761949687,2
sfq_16964--98/98_1848963.txt#0_0,long,helen gurley brown,1.0,0.2444563109891078,0.03492233014130112,1.0355392754868376,0.967117511063382,7
odql_6538--139/139_826850.txt#0_0,long,king william iv,1.0,1.2909686835409957,0.2581937367081991,1.2945896038586209,0.8468196329806957,5
odql_5186--146/146_2175002.txt#0_1,long,m11,1.0,0.5914398920867825,0.19714663069559415,1.2179226124533826,0.8433935076034876,3
bb_2691--72/72_892989.txt#0_2,long,obi,1.0,0.02079034770781618,0.006930115902605394,1.0069541847235992,0.9931336572063506,3
qg_1199--189/189_3112721.txt#0_0,long,arizona diamondbacks,1.0,0.3972095090084622,0.07944190180169244,1.0826826557905194,0.931167619634922,5
sfq_24050--117/117_2000989.txt#0_0,long,leonard nimoy,0.0,0.280629442596819,0.0467715737661365,1.0478826178591505,0.9576805531517035,6
sfq_20082--77/77_957747.txt#0_1,long,volkswagen,0.0,0.40440035180654377,0.1348001172688479,1.1443080340753309,0.888766743550062,3
odql_6144--10/10_2193236.txt#0_1,long,richard seddon,1.0,0.08541167778980707,0.017082335557961414,1.0172290730006641,0.9833230089650964,5
qz_2845--76/76_169229.txt#0_0,long,brazil,0.0,1.1573396474123,0.57866982370615,1.783664264149714,0.6138848488350523,2
sfq_18636--83/83_1734.txt#0_0,long,1919,1.0,0.03532096173148602,0.008830240432871506,1.0088693420133008,0.991309708798696,4
qw_10365--192/192_1229944.txt#0_2,long,old Trafford,1.0,1.5897495900280774,0.5299165300093591,1.6987905046729201,0.7182576381741042,3
qb_2774--81/81_303935.txt#0_0,long,tiger,0.0,2.156238168478012,1.078119084239006,2.939146062531132,0.4205280657839511,2
sfq_2761--66/66_24883.txt#0_1,long,cabaret,1.0,0.001528849097667262,0.000764424548833631,1.0007647167957412,0.9992360568511587,2
sfq_9852--85/85_243465.txt#0_0,long,leicestershire,1.0,0.3534946429103911,0.07069892858207823,1.073258049898396,0.9349477408430615,5
qb_3427--81/81_362513.txt#0_3,long,Wolfgang Amadeus Mozart,1.0,0.9793685715376341,0.16322809525627235,1.177305196795278,0.8754403340248329,6
sfq_1674--197/197_3000842.txt#0_2,long,fiji,1.0,0.7130692622158676,0.2376897540719559,1.2683156420158894,0.8232724015912591,3
dpql_4253--27/27_289038.txt#0_1,long,calcutta cup,1.0,0.6471343980738311,0.16178359951845778,1.1756058121288442,0.8806690251587714,4
odql_6028--County_Durham.txt#0_0,long,tyne and wear,0.0,2.363217998058417,0.4726435996116834,1.604229533050016,0.8109298726952721,5
qw_3390--174/174_1038938.txt#0_0,long,winnipeg,1.0,0.27897908599697985,0.06974477149924496,1.0722344815285385,0.9374531893908775,4
wh_4331--119/119_827530.txt#0_1,long,gironde,1.0,0.11775997505128544,0.02943999376282136,1.0298776345360865,0.9714188107033341,4
qb_6543--195/195_826037.txt#0_0,long,john f. kennedy international airport,0.0,1.0435222079918276,0.13044027599897845,1.1393298925218853,0.8984354185606361,8
sfq_24154--30/30_69897.txt#0_0,long,george sutherland,0.0,1.744736148393713,0.3489472296787426,1.4175743825126155,0.7831794848267093,5
qb_3569--170/170_366697.txt#0_0,long,popeye,0.0,0.8044489654712379,0.2681496551570793,1.307542805897371,0.796719708527387,3
odql_9564--83/83_2256714.txt#0_2,long,white,0.0,3.190748106688261,1.5953740533441305,4.930172874908329,0.5112616819516527,2
jp_2812--168/168_2992342.txt#0_0,long,a dragon,1.0,0.18833784038724843,0.0627792801290828,1.064791792585514,0.9406674385007426,3
bt_462--66/66_2369917.txt#0_0,long,bogeyman,1.0,0.9951683910912834,0.24879209777282085,1.2824753758645138,0.8396675901367168,4
qz_847--105/105_2601971.txt#0_0,long,happy birthday,1.0,0.0006220179202500731,0.00031100896012503654,1.000311057328426,0.999689058712925,2
qz_2430--114/114_2605502.txt#0_1,long,castor,1.0,0.3537783920712627,0.17688919603563136,1.1934988413971699,0.8510147832998317,2
tb_470--Bill_Gold.txt#0_0,long,film posters,0.0,2.9470285791903734,0.9823428597301245,2.6707060074645677,0.5527524141287072,3
qf_2679--160/160_194946.txt#0_0,long,jon pertwee,1.0,0.5586340392401326,0.11172680784802651,1.1182073334453524,0.9023141008486701,5
qf_2195--13/13_325145.txt#0_2,long,andre agassi,1.0,0.14361080201342702,0.07180540100671351,1.074446237562346,0.932845463347834,2
qb_7372--177/177_98429.txt#0_1,long,1,0.0,2.9018481746315956,0.9672827248771986,2.6307861684268334,0.6117342626363977,3
qz_6793--102/102_2886022.txt#0_1,long,verruckt,0.0,3.3865146402604296,0.8466286600651074,2.3317723882658328,0.7503947457153259,4
sfq_17762--30/30_127115.txt#0_1,long,south africa,1.0,0.09130828641355038,0.04565414320677519,1.0467123357755856,0.9562693868118926,2
bb_9184--196/196_1039737.txt#0_0,long,scales,0.0,0.02531849965453148,0.01265924982726574,1.0127397173245685,0.9874303637063468,2
bt_1265--Alan_Lake.txt#0_0,long,diana dors,1.0,0.39829112838197034,0.09957278209549258,1.1046988701127551,0.9098908409800706,4
bb_1777--A_Gay_Girl_In_Damascus.txt#0_1,long,syria,1.0,0.042508597689447924,0.014169532563149309,1.0142703962235944,0.986055816555503,3
sfq_2901--81/81_239948.txt#0_4,long,the holy grail,1.0,0.31896603600705475,0.06379320720141095,1.0658719613240337,0.942970534858507,5
odql_11679--16/16_33164.txt#0_0,long,Tasmania,1.0,3.8727374561131,1.93636872805655,6.933527677510942,0.49587038298535346,2
bb_5083--184/184_944999.txt#0_1,long,guitar,1.0,0.2606186121702194,0.1303093060851097,1.1391806843550973,0.8826619205572905,2
qf_3061--16/16_2854536.txt#0_2,long,ragdoll,0.0,2.497219636279624,0.8324065454265414,2.2988443621534254,0.6799332851128131,3
qw_9983--123/123_77798.txt#0_0,long,florida,1.0,0.16222970932722092,0.08111485466361046,1.0844954487738785,0.9220995685304902,2
sfq_19297--8/8_1898303.txt#0_0,long,spa,1.0,1.3235452473163605,0.6617726236581802,1.9382250346116088,0.5671483577001043,2
qg_762--191/191_2525665.txt#0_1,long,adam's apple,0.0,0.23312356532551348,0.05828089133137837,1.0600127022759536,0.9457162407144241,4
jp_2596--47/47_1415882.txt#0_0,long,cleopatra,1.0,0.14301317924218893,0.03575329481054723,1.0364001296585497,0.9656073432450931,4
qg_2692--122/122_2425619.txt#0_0,long,jon stewart,1.0,0.0934028397313682,0.02335070993284205,1.02362547222353,0.9771773183974319,4
tb_1432--124/124_757762.txt#0_0,long,toledo,1.0,0.05057882305118255,0.016859607683727518,1.017002532960953,0.9834159887688342,3
qw_14885--124/124_1320147.txt#0_1,long,mikado,1.0,1.9250667512169457,0.6416889170723152,1.899686584562491,0.6785019697219438,3
sfq_8765--71/71_3209534.txt#0_0,long,lord belborough,1.0,0.15588840187410824,0.03897210046852706,1.0397414749454912,0.9627790631244173,4
sfq_15153--128/128_1671883.txt#0_0,long,isaac,0.0,0.3799446590564912,0.12664821968549708,1.1350176706712236,0.892473281274991,3
sfq_9024--160/160_3017466.txt#0_2,long,doubting castle,1.0,0.06881090707361182,0.017202726768402954,1.0173515458122362,0.9830866268733224,4
qb_9081--150/150_353549.txt#0_2,long,australia,1.0,0.05954701825976372,0.02977350912988186,1.0302211718376966,0.970691743455965,2
sfq_24683--102/102_3210389.txt#0_0,long,paul bayes,1.0,0.0812548215908464,0.0203137053977116,1.0205214328986807,0.9800752151432246,4
sfq_5747--32/32_1597239.txt#0_1,long,the charites,0.0,0.838392501231283,0.20959812530782074,1.2331823755743254,0.842959089615799,4
qb_10061--5/5_543694.txt#0_2,long,pisces,1.0,0.02841965219249687,0.009473217397498956,1.009518230348305,0.9906468316208623,3
qb_9573--143/143_499089.txt#0_0,long,15,1.0,0.9577011485816911,0.319233716193897,1.3760728978463832,0.7618209226445153,3
qw_3199--48/48_2960705.txt#0_2,long,atlantic,1.0,0.40091223451327096,0.13363741150442365,1.1429783137144012,0.8881981827147557,3
odql_8510--52/52_28284.txt#0_0,long,Delaware,1.0,3.4496433194726706,1.7248216597363353,5.611520180461408,0.503973145687217,2
qb_603--163/163_281670.txt#0_1,long,belgium,1.0,0.27143598345674036,0.09047866115224679,1.0946981477952997,0.9183934732656079,3
dpql_3955--64/64_337467.txt#0_1,long,hockey,0.0,1.3123987559229136,0.6561993779614568,1.9274528761040821,0.6291716297940498,2
qb_406--51/51_276103.txt#0_0,long,madison square garden,1.0,0.3137451036091079,0.06274902072182158,1.0647595731044872,0.9441996356299054,5
sfq_23994--31/31_726041.txt#0_0,long,richard strauss,1.0,0.25513205138781814,0.051026410277563626,1.0523506857899043,0.9537891663857598,5
wh_2249--178/178_778787.txt#0_0,long,baby prams,0.0,0.7392590064555407,0.18481475161388516,1.2029955664976457,0.8620496627706719,4
bb_5653--76/76_551825.txt#0_0,long,trombone,1.0,0.8756171786226332,0.2918723928742111,1.3389321494543083,0.8006406091257753,3
sfq_178--183/183_95802.txt#0_0,long,pulsar,1.0,0.02936635899823159,0.014683179499115795,1.0147915069268572,0.9855268116190512,2
qg_2312--185/185_26932.txt#0_0,long,apollo 11,1.0,0.42378356536937645,0.08475671307387529,1.08845222828699,0.9284793309596946,5
jp_3598--137/137_1440776.txt#0_0,long,lake nicaragua,0.0,0.0719871943506405,0.014397438870128098,1.0145015811871307,0.9859025594113376,5
qb_804--33/33_287054.txt#0_0,long,leprosy,1.0,0.10230521768608014,0.025576304421520035,1.0259061844618598,0.9751323574320556,4
qb_9589--67/67_530673.txt#0_1,long,world war i,1.0,1.1344238195524667,0.2836059548881167,1.327909571370342,0.81500048106995,4
sfq_25127--Norway.txt#0_0,long,Norga,0.0,9.405175380408764,2.351293845102191,10.499145208152145,0.2911145832646178,4
odql_9408--60/60_2232484.txt#0_0,long,steve coogan,1.0,5.159479688841657,1.0318959377683314,2.8063815187174113,0.792760700547885,5
jp_65--42/42_1350780.txt#0_0,long,spain,1.0,0.04076261398995484,0.013587537996651614,1.013680268106369,0.9866352558771435,3
tc_2814--35/35_85764.txt#0_0,long,ornithology,1.0,0.046346900904609356,0.011586725226152339,1.011654111336843,0.9886424988491587,4
bb_3629--115/115_2676705.txt#0_0,long,mozilla,1.0,0.10932242451235652,0.05466121225617826,1.0561827322908983,0.9479336055238115,2
odql_2332--58/58_2808154.txt#0_0,long,david frost,1.0,0.2755096107721329,0.0918365369240443,1.096185621561363,0.9141813320044245,3
qw_7795--46/46_1197146.txt#0_1,long,books,1.0,1.7782313069328666,0.8891156534664333,2.432977104762787,0.5802756502064654,2
qb_723--49/49_284785.txt#0_0,long,bangladesh,1.0,0.00269575190031901,0.001347875950159505,1.0013487847432156,0.9986533974092988,2
sfq_1470--Sting_(musician).txt#0_0,long,lute,1.0,0.12978961504995823,0.04326320501665274,1.0442127007051645,0.9578296808307273,3
jp_4058--151/151_131448.txt#0_0,long,gremlins,1.0,0.07376488985027407,0.01844122246256852,1.0186123118867,0.9819509558608904,4
qb_1767--17/17_778036.txt#0_2,long,bolivia,1.0,0.1104567462898558,0.036818915429951936,1.0375051276564282,0.9644027310986562,3
bb_3732--157/157_915760.txt#0_0,long,google glass,1.0,1.6607935316860676,0.5535978438953558,1.7395002231526349,0.7179472510436677,3
sfq_893--144/144_1486574.txt#0_1,long,tenerife,1.0,0.5569695439135103,0.18565651463783675,1.2040086300033825,0.8544921566138554,3
qz_3456--13/13_2880285.txt#0_0,long,Jonathon Bell,0.0,6.399659750750288,1.599914937687572,4.952611125922131,0.6471068951276414,4
qw_1421--131/131_1224551.txt#0_0,long,new zealand,1.0,0.27609832298912806,0.06902458074728202,1.0714625461747227,0.9374992252882255,4
bb_5852--179/179_961871.txt#0_1,long,gold,1.0,0.027536319568753242,0.013768159784376621,1.0138633773848407,0.9863375026850065,2
qb_2689--32/32_340888.txt#0_0,long,a kid for two farthings,0.0,0.35342108754775836,0.05048872679253691,1.0517850062975873,0.9562462945626555,7
odql_14833--5/5_2353740.txt#0_2,long,atomic kitten,1.0,0.10630274517461658,0.03543424839153886,1.0360695226508176,0.9653860035383844,3
qw_11763--166/166_2714280.txt#0_0,long,optical illusion,0.0,0.5263704147655517,0.17545680492185056,1.1917905080552826,0.8585135932965168,3
sfq_11775--22/22_3209747.txt#0_0,long,wheel arrangement,1.0,0.27761160582304,0.09253720194101334,1.0969539496173577,0.9142951858973332,3
wh_4376--136/136_828693.txt#0_0,long,volleyball,1.0,0.23767057992517948,0.11883528996258974,1.126184409135003,0.8917153176212179,2
dpql_99--56/56_553713.txt#0_1,long,liver,1.0,0.00890651810914278,0.00890651810914278,1.0089462991573896,0.9911330274318256,1
qf_1776--73/73_1938527.txt#0_0,long,anthony joshua,1.0,0.0765482459900042,0.012758040998334034,1.0128397720094087,0.9874619118080502,6
odql_3170--63/63_218030.txt#0_1,long,jessica,1.0,0.32769098482094705,0.08192274620523676,1.0853719574881895,0.926001873494838,4
qw_11746--112/112_168063.txt#0_1,long,spring,0.0,1.1751753073185682,0.5875876536592841,1.79964181540546,0.648495325550586,2
sfq_1253--77/77_2739999.txt#0_0,long,common nettle,1.0,0.6769283628090648,0.1692320907022662,1.1843949940930105,0.8710386494698108,4
tc_1945--192/192_114247.txt#0_2,long,schenck,0.0,0.05689710908200141,0.014224277270500352,1.014325923679514,0.9859776859794867,4
bb_9117--33/33_1038201.txt#0_0,long,arthur,1.0,0.08821440069004893,0.02940480023001631,1.0298413901415582,0.9711905045663073,3
qw_9352--51/51_1224596.txt#0_0,long,jarrah,1.0,0.2744661971482856,0.09148873238276185,1.0958044295181,0.9185348364562076,3
dpql_6097--26/26_171255.txt#0_0,long,russia,0.0,0.04299475532025099,0.01433158510675033,1.0144347746398121,0.9858610337655521,3
bb_2192--123/123_881325.txt#0_1,long,a tale of two cities,0.0,0.2768267765895871,0.046137796098264516,1.0472187036666176,0.9566813492776806,6
bb_1292--123/123_187127.txt#0_1,long,september,1.0,0.1656801700592041,0.08284008502960205,1.0863680681393044,0.9207579911521449,2
sfq_15107--7/7_246280.txt#0_0,long,cerberus,0.0,2.1276134664585697,0.5319033666146424,1.7021690790585278,0.7745555626686911,4
bb_2094--73/73_318480.txt#0_1,long,12,1.0,1.3463056036271155,0.4487685345423718,1.5663820518973062,0.7414588165296441,3
bb_6229--199/199_904245.txt#0_2,long,cyanide,1.0,0.9324795892462134,0.3108265297487378,1.3645524913904246,0.7905797124058415,3
dpql_3356--154/154_643057.txt#0_1,long,lot,0.0,3.4107572734355927,1.7053786367177963,5.503469088228818,0.5039264347670777,2
qw_1930--34/34_112989.txt#0_2,long,nose,1.0,0.4054620638489723,0.20273103192448616,1.2247430071725915,0.828647719911619,2
sfq_7913--89/89_1646797.txt#0_0,long,vacuum cleaner,1.0,1.4320713964989409,0.47735713216631365,1.6118089701078688,0.7392736909935921,3
sfq_223--47/47_103402.txt#0_0,long,surrealist,1.0,0.8614167834166437,0.2871389278055479,1.332609337106825,0.7937729954553842,3
odql_6316--193/193_2196789.txt#0_1,long,spain,1.0,0.00014733182615600526,0.00014733182615600526,1.0001473426800225,0.9998526790266445,1
qb_7632--22/22_167620.txt#0_1,long,leroy,1.0,0.7271196842192467,0.36355984210962333,1.4384409336697732,0.7416493973545799,2
bb_7149--145/145_206396.txt#0_1,long,kazakhstan,1.0,0.08931408065836877,0.029771360219456255,1.0302189579870582,0.9708798695571903,3
qb_10019--56/56_542648.txt#0_0,long,ely,1.0,0.14191219175881997,0.07095609587940999,1.073534092263441,0.9338469796385798,2
jp_4108--93/93_1452941.txt#0_1,long,moonwalk,1.0,0.2978778872638941,0.0992926290879647,1.1043894287493687,0.9110712972765246,3
sfq_14649--125/125_1796628.txt#0_1,long,abel janszoon tasman,0.0,1.0505979946015032,0.11673311051127813,1.123819454062636,0.9156403520178996,9
qb_6660--191/191_451330.txt#0_2,long,chalice,0.0,3.0163117262127344,1.0054372420709115,2.7331020388013756,0.6770871342106589,3
sfq_19040--87/87_1892922.txt#0_2,long,red,1.0,0.04850634187459946,0.02425317093729973,1.0245496712594513,0.9762283334966056,2
tb_1113--48/48_567125.txt#0_1,long,man,1.0,0.007008729502558708,0.007008729502558708,1.0070333481286677,0.9930157743616559,1
qb_9264--54/54_521908.txt#0_0,long,persian gulf,1.0,1.2054833582933497,0.24109667165866994,1.2726440579737115,0.8559782901411961,5
bb_5625--174/174_2946795.txt#0_1,long,noa noa on the wannsee,0.0,2.970878191573547,0.33009757684150526,1.3911038613624762,0.8582538047846006,9
odql_11051--136/136_235136.txt#0_2,long,$1000,0.0,1.409132819622755,0.35228320490568876,1.4223112722154183,0.7657254452873337,4
qw_9028--150/150_617354.txt#0_0,long,beyonce,0.0,0.14791690558195114,0.04930563519398371,1.0505413840976994,0.9525788150857256,3
bb_7263--97/97_992367.txt#0_0,long,turkey,1.0,0.059623390436172485,0.029811695218086243,1.0302605127053663,0.9706288432943091,2
qb_7717--108/108_2904125.txt#0_0,long,ireland,1.0,0.1210001520721562,0.040333384024052066,1.041157821723402,0.9611182104887672,3
qg_158--17/17_2239200.txt#0_0,long,carmen,1.0,0.5652029170596506,0.18840097235321687,1.2073175192538035,0.8458767926401478,3
sfq_11783--191/191_1732943.txt#0_1,long,chess,1.0,0.10572306625545025,0.052861533127725124,1.054283651652225,0.9492750339866212,2
jp_1920--147/147_1398729.txt#0_2,long,dos equis,1.0,0.22406760914600454,0.056016902286501136,1.0576155597067367,0.9468368347573071,4
sfq_893--144/144_1486574.txt#0_0,long,tenerife,1.0,0.06041678392648464,0.02013892797549488,1.0203430843794228,0.9801633917694961,3
sfq_5791--38/38_519647.txt#0_2,long,william gladstone,1.0,0.9847688373902201,0.24619220934755504,1.2791454136199807,0.8238470449202627,4
dpql_1635--165/165_596631.txt#0_2,long,china,1.0,0.03914259560406208,0.01957129780203104,1.0197640712056648,0.980695144605482,2
sfq_3490--39/39_3004847.txt#0_0,long,leeds,1.0,0.8401822907471796,0.28006076358239324,1.3232102128874939,0.7767132924310447,3
qz_2567--129/129_10435.txt#0_0,long,ironside,1.0,3.7847774408292025,1.261592480276401,3.531040124146737,0.5942935537328397,3
odql_9169--18/18_3213102.txt#0_1,long,lungs,1.0,0.05156975984573364,0.02578487992286682,1.026120185675548,0.9746649480756593,2
odql_9169--18/18_3213102.txt#0_0,long,lungs,1.0,0.06826062686741352,0.03413031343370676,1.0347194357855087,0.9664996986516177,2
sfq_4619--47/47_1571719.txt#0_0,long,eye,1.0,0.314647788181901,0.1573238940909505,1.170374629943909,0.862311601364901,2
qb_1032--189/189_293644.txt#0_0,long,squash,1.0,0.034617994038853794,0.017308997019426897,1.0174596657612545,0.9829781510824571,2
qb_5053--95/95_407079.txt#0_0,long,shoji,1.0,0.021132231811861857,0.007044077270620619,1.0070689451390218,0.9930285331726573,3
jp_1572--159/159_685600.txt#0_2,long,proest,0.0,2.8132818937301636,1.4066409468650818,4.082219954198649,0.47908755503616374,2
qb_7640--89/89_2634466.txt#0_1,long,spain,1.0,0.039291294902795926,0.013097098300931975,1.0131832409550068,0.9871306140114068,3
bt_4328--47/47_176665.txt#0_0,long,arthur wellesley,1.0,0.9261897252986273,0.1543649542164379,1.166916680238839,0.8733669832194605,6
qw_597--13/13_1061577.txt#0_2,long,pygmalion,1.0,0.59243534497989,0.11848706899597801,1.1257923163828916,0.9044032273980351,5
qw_2152--104/104_1092719.txt#0_1,long,Euripides,1.0,1.0348844528198242,1.0348844528198242,2.8147809768283727,0.35526742870302325,1
bb_7071--140/140_988015.txt#0_0,long,indigo,0.0,0.18885096906706167,0.06295032302235389,1.0649739332309365,0.9405171915729759,3
jp_1626--6/6_1391170.txt#0_1,long,playboy,1.0,0.01816880441037938,0.00908440220518969,1.0091257906216402,0.990995873134892,2
odql_4032--121/121_112363.txt#0_0,long,dairy,0.0,1.4181500971317291,0.7090750485658646,2.032110785322363,0.5834428098516675,2
jp_3803--102/102_234526.txt#0_0,long,roissy-charles de gaulle,1.0,1.2533523419815538,0.13926137133128375,1.149424487354044,0.8830465469909545,9
wh_2348--155/155_1799804.txt#0_0,long,gower peninsula,1.0,4.106535792309842,1.3688452641032807,3.9308090274744276,0.5405129617690007,3
sfq_20420--125/125_1922602.txt#0_0,long,wisconsin,1.0,0.057703700334968744,0.019234566778322915,1.0194207428139315,0.9810541507233572,3
sfq_9826--160/160_662376.txt#0_0,long,the lady of the lake,0.0,0.31290467089093,0.05215077848182167,1.0535345808830119,0.95375395685789,6
qb_4219--118/118_12770.txt#0_0,long,Neville Chamberlain,0.0,1.3424093592739155,0.33560233981847887,1.398782674026923,0.7979732367049437,4
qg_952--87/87_3215096.txt#0_0,long,the dwarfs,0.0,4.537894248962402,4.537894248962402,93.49371819546687,0.01069590577100918,1
qb_2899--155/155_2893117.txt#0_2,long,louis XV,1.0,2.1661809543147683,1.0830904771573842,2.9537940928410347,0.5527789647569807,2
qw_9374--152/152_1224920.txt#0_1,long,coffee house,1.0,0.25255473889410496,0.08418491296470165,1.0878300290877627,0.9222544742029655,3
sfq_22602--23/23_1970054.txt#0_0,long,bubba,1.0,0.20479396358086888,0.06826465452695629,1.0706486229917407,0.9361018186862641,3
qg_207--Stockholm_syndrome.txt#0_2,long,stockholm syndrome,1.0,0.3107885420322418,0.3107885420322418,1.3645006561417952,0.7328688304390838,1
qb_2850--83/83_346130.txt#0_1,long,the times,1.0,0.23316133621847257,0.07772044540615752,1.080820468105693,0.9282726742813674,3
tc_1323--96/96_39278.txt#0_4,long,vienna,1.0,0.048171756130614085,0.01605725204353803,1.0161868625151953,0.9841776368787749,3
wh_2204--68/68_777602.txt#0_0,long,paddy ashdown,1.0,0.45534880568561675,0.09106976113712335,1.0953454151349171,0.9239350515407747,5
odql_2749--117/117_545479.txt#0_1,long,spain,1.0,0.034882025791603155,0.011627341930534385,1.0116952022273027,0.9885135970516744,3
sfq_17026--190/190_2777940.txt#0_0,long,virtual,1.0,0.034283599932678044,0.017141799966339022,1.0172895637241794,0.9831197213659832,2
qb_1032--189/189_293644.txt#0_1,long,squash,1.0,0.03399102235562168,0.01699551117781084,1.0171407565509958,0.9832836494000623,2
sfq_19691--43/43_2784025.txt#0_1,long,tequila,1.0,0.3046186674037017,0.1015395558012339,1.106873700802106,0.9090987288060638,3
odql_5063--41/41_1050220.txt#0_1,long,phaethon,0.0,0.17149703436734853,0.04287425859183713,1.0438066368821333,0.9592470346731075,4
jp_1022--144/144_7564.txt#0_1,long,Adolf Hitler,1.0,2.3348615147406235,0.7782871715802079,2.177738975959799,0.6830360893086574,3
qz_6774--13/13_1663667.txt#0_0,long,lithium,1.0,0.07423304207623005,0.037116521038115025,1.0378139409509215,0.9639748859400712,2
qf_3084--56/56_1290885.txt#0_1,long,montana,1.0,3.761761140660383,1.2539203802201275,3.5040532862446874,0.6688949499541782,3
tc_1702--106/106_2596452.txt#0_1,long,le,0.0,0.12345273792743683,0.12345273792743683,1.1313965311335044,0.8838634134737331,1
jp_3674--119/119_1039262.txt#0_0,long,vienna,0.0,0.04618497476258199,0.015394991587527329,1.0155141049351935,0.98480922292672,3
qb_7766--9/9_891153.txt#0_2,long,troilus and criseydes,0.0,8.206433449103315,0.9118259387892572,2.4888628982161967,0.7079312316394257,9
sfq_2345--98/98_1465999.txt#0_0,long,jaguar,0.0,0.21967697986838175,0.07322565995612725,1.0759733136119276,0.9316388543504622,3
odql_13192--6/6_701893.txt#0_1,long,gettysburg,1.0,0.03974378071455931,0.009935945178639827,1.0099854705732345,0.9902579701421514,4
tc_2499--34/34_75500.txt#0_1,long,bulgarian,1.0,0.27084527671649994,0.06771131917912498,1.0700563591389067,0.9395520525059686,4
odql_12482--151/151_684649.txt#0_2,long,philippine,0.0,3.895863562822342,0.9739658907055855,2.648427031395464,0.6417109973003922,4
jp_3074--10/10_725914.txt#0_0,long,spain,1.0,0.12908812983232565,0.043029376610775216,1.043968562658279,0.9584424475157372,3
sfq_261--149/149_644071.txt#0_0,long,carpathia,1.0,0.04583133748747059,0.011457834371867648,1.0115237267770614,0.9886825237260912,4
bb_1013--62/62_852710.txt#0_2,long,valparaiso,0.0,2.0015917286691547,0.40031834573383096,1.4922996892711562,0.7858380980628683,5
sfq_22341--192/192_1964271.txt#0_0,long,griffin,1.0,0.35582328541204333,0.11860776180401444,1.1259281996187214,0.8982043700795606,3
wh_1590--168/168_763549.txt#0,long,knickerbocker glory,1.0,0.054072462587100745,0.009012077097850124,1.0090528081297794,0.9911281487653377,6
sfq_19632--8/8_1905614.txt#0_1,long,jim grant,0.0,1.1184744061902165,0.3728248020634055,1.4518299599367426,0.7591815382244459,3
qb_4246--21/21_114528.txt#0_0,long,the thames,1.0,2.7786219865082558,0.6946554966270639,2.003018908295842,0.6544082553973314,4
wh_3949--72/72_779517.txt#0_0,long,argentina,1.0,0.06531819843803532,0.02177273281267844,1.022011488398422,0.9787503220451653,3
sfq_10974--173/173_3209699.txt#0_0,long,robert kitchener,0.0,3.0032422919175588,0.6006484583835118,1.8233007517841042,0.7738900915783063,5
sfq_10250--131/131_472528.txt#0_2,long,dragon,1.0,0.17830584943294525,0.08915292471647263,1.0932478281578073,0.9149220701147858,2
qf_1735--151/151_264049.txt#0_1,long,1948,1.0,0.46394783318100963,0.1546492777270032,1.167248509257062,0.8671716669081633,3
bt_2905--92/92_2418244.txt#0_0,long,Sweet William,1.0,4.468754740431905,1.4895849134773016,4.435254122649645,0.646548560318673,3
jp_2608--196/196_1416223.txt#0_2,long,puff the magic dragon,1.0,0.4633410047972575,0.0926682009594515,1.0970976589207129,0.9155536557362838,5
odql_11066--48/48_1410700.txt#0_2,long,cello,1.0,0.08818016014993191,0.02939338671664397,1.029829636100158,0.971471907257852,3
odql_14378--126/126_2345574.txt#0_0,long,tennessee,1.0,0.20177655450243037,0.06725885150081012,1.0695723027406168,0.9374324169462788,3
sfq_2677--78/78_1954583.txt#0_2,long,keswick,1.0,0.0538268289503776,0.017942276316792533,1.01810420596893,0.9824568123715544,3
wh_51--126/126_725818.txt#0_1,long,avro,1.0,0.03649540245305616,0.01824770122652808,1.018415207845582,0.98208122488717,2
tc_453--150/150_2867003.txt#0_0,long,God,0.0,7.6544870138168335,3.8272435069084167,45.93574200254521,0.485472445853423,2
jp_3234--33/33_1767595.txt#0_0,long,denmark,0.0,1.4763707704832996,0.49212359016109986,1.635786273801927,0.7358787212414691,3
sfq_23017--20/20_341916.txt#0_0,long,will carling,1.0,0.052171569317522426,0.013042892329380606,1.013128321861556,0.9871226091984713,4
odql_11582--149/149_524763.txt#0_0,long,ecuador,1.0,0.06327353231424127,0.015818383078560316,1.0159441559998035,0.9845634127169534,4
qf_1622--114/114_2391205.txt#0_0,long,fred trueman,1.0,0.12112345327750518,0.024224690655501036,1.024520492211613,0.9764634505243487,5
dpql_4731--151/151_679982.txt#0_0,long,blanket and honeycomb,0.0,4.062903795034799,0.8125807590069598,2.2537167877937674,0.6546585102949141,5
qw_10923--40/40_1181284.txt#0_1,long,adrian edmondson,1.0,0.09341040814513235,0.015568401357522058,1.0156902202721754,0.9847241272504151,6
sfq_10035--99/99_1692646.txt#0_1,long,Eisenhower,1.0,0.4386814534664154,0.2193407267332077,1.2452554962492002,0.813312537920321,2
sfq_7787--39/39_1643620.txt#0_1,long,michael hordern,1.0,0.1305954932718123,0.02611909865436246,1.0264631915786726,0.9744672614559196,5
sfq_10817--189/189_1711448.txt#0_0,long,sculpture,1.0,0.050255388021469116,0.025127694010734558,1.0254460554840625,0.9751853807969539,2
odql_5141--181/181_554365.txt#0_0,long,st pauls,0.0,0.20546844601631165,0.06848948200543721,1.0708893612832646,0.9344856956094972,3
jp_4045--160/160_2995038.txt#0_0,long,box jellyfish,1.0,0.35671569185797125,0.08917892296449281,1.0932762510554623,0.9229994990425451,4
odql_10047--123/123_2824506.txt#0_1,long,Federal Reserve,1.0,3.927645431831479,1.3092151439438264,3.703266040528064,0.4303099360436333,3
sfq_9872--171/171_1689203.txt#0_0,long,south africa,1.0,2.2132136709988117,0.7377378903329372,2.0911996370620596,0.6761362236069952,3
bb_1886--3/3_874010.txt#0_1,long,kyoto protocol,1.0,0.9272869955725582,0.23182174889313956,1.2608949528746587,0.8283269737227331,4
sfq_12025--58/58_1700414.txt#0_2,long,127 hours,1.0,0.04833844004315324,0.01208461001078831,1.0121579239360983,0.9881562835474623,4
dpql_4010--66/66_323066.txt#0_0,long,archery,1.0,0.007011050533037633,0.0023370168443458774,1.0023397497967819,0.9976695935580348,3
qf_3745--59/59_2512300.txt#0_2,long,roger kahn,0.0,0.8374610328974086,0.16749220657948172,1.1823360757067838,0.8754125921532117,5
bb_7851--165/165_1006156.txt#0_0,long,1967,1.0,0.04348994406245765,0.010872486015614413,1.0109318062830261,0.9893590800740886,4
qb_7077--183/183_462795.txt#0_1,long,snooker,1.0,0.023578962398460135,0.005894740599615034,1.005912148771727,0.9941425044854577,4
odql_15005--151/151_2357401.txt#0_2,long,bulgaria,1.0,0.9203939289163827,0.23009848222909568,1.258723965767619,0.8464746773144936,4
qb_4987--156/156_405376.txt#0_2,long,cyprus,1.0,0.04691265965675484,0.01563755321891828,1.0157604595700702,0.9846806276721001,3
qb_8918--129/129_512440.txt#0_1,long,the grapes of wrath,1.0,0.10844684446419706,0.02168936889283941,1.0219262930657864,0.9791325488525381,5
bb_6062--81/81_2682584.txt#0_0,long,ozone,1.0,0.04616142623126507,0.023080713115632534,1.0233491339109262,0.9771887618294499,2
sfq_5545--199/199_1592717.txt#0_0,long,solzhenitsyn,1.0,0.32055784781823604,0.05342630796970601,1.0548792527094049,0.9520672204660795,6
qw_8941--0/0_1217055.txt#0_2,long,philadelphia eagles,1.0,0.7210955810729729,0.14421911621459457,1.1551371900851932,0.8883535545814167,5
qw_11443--84/84_2975478.txt#0_0,long,peach,0.0,0.05423265910940245,0.027116329554701224,1.0274873229542298,0.9735895471225211,2
odql_1378--196/196_2103697.txt#0_2,long,a stupa,0.0,2.2253881786017473,0.5563470446504368,1.7442890381703242,0.69398976894201,4
qg_633--116/116_2857569.txt#0_1,long,dvorak,1.0,2.0005663788124366,0.5001415947031091,1.6489547374273985,0.7715934831145618,4
dpql_4703--146/146_2653628.txt#0_0,long,the apprentice,1.0,0.09987435792572796,0.03329145264190932,1.0338518141780697,0.9677167101880512,3
qb_4415--4/4_390363.txt#0_2,long,margot,1.0,0.031442129460629076,0.010480709820209691,1.0105358248392637,0.9896005056895092,3
sfq_80--166/166_2439219.txt#0_0,long,angela rippon,1.0,0.04757488615712191,0.009514977231424382,1.0095603885422024,0.9906574765198937,5
sfq_6611--38/38_1616659.txt#0_0,long,brothers and sisters,0.0,1.1686649583280087,0.29216623958200216,1.339325648069686,0.7696525030008603,4
qg_2646--198/198_2188674.txt#0_0,long,mongols,0.0,0.10251833125948906,0.03417277708649635,1.0347633746852611,0.9665596097838715,3
odql_8597--105/105_3212945.txt#0_0,long,bassoon,1.0,0.3250601272447966,0.10835337574826553,1.114441492408324,0.9062355942528114,3
qg_1091--8/8_3215147.txt#0_2,long,Mrs. Peacock,0.0,3.2044300399220447,0.640886007984409,1.8981619211045533,0.7486215168624897,5
qw_2021--84/84_31075.txt#0_1,long,gagarin,1.0,0.2871626317373739,0.07179065793434347,1.0744303970404772,0.9317685771588147,4
sfq_3826--197/197_1325980.txt#0_0,long,dalziel and pascoe,1.0,0.22862719097611262,0.038104531829352105,1.0388398190297314,0.9649387990564073,6
qb_1253--27/27_299742.txt#0_0,long,al capone,1.0,0.7331380545001593,0.18328451362503984,1.2011561047474477,0.8452928249527876,4
dpql_3121--176/176_546993.txt#0_1,long,netherlands,1.0,0.5985594387166202,0.19951981290554008,1.2208163971113346,0.8428560035282606,3
jp_2191--74/74_392765.txt#0_0,long,edward viii,1.0,0.1420190970748081,0.028403819414961617,1.0288110544266489,0.9722608391341184,5
qw_5335--185/185_1151387.txt#0_1,long,charlie chan,1.0,0.06518019043141976,0.01629504760785494,1.0164285359769183,0.9838902442978937,4
bt_1833--26/26_2841025.txt#0_0,long,lancashire,1.0,0.051374721428146586,0.01712490714271553,1.0172723789761553,0.9832585457112772,3
dpql_2269--148/148_613645.txt#0,long,drinking song,1.0,0.08786988165229559,0.029289960550765198,1.0297231302772272,0.9713098898153155,3
bb_9374--54/54_2690886.txt#0_2,long,australia,1.0,0.11196037009358406,0.05598018504679203,1.0575767276956174,0.9455584466814371,2
odql_5117--114/114_226336.txt#0_0,long,achille lauro,1.0,0.11213801841699933,0.022427603683399865,1.022680993147369,0.9782074923715418,5
odql_11538--73/73_1736878.txt#0_0,long,marshalsea,1.0,0.19548913083417574,0.048872282708543935,1.050086228006478,0.9550909604144584,4
qw_8762--197/197_3207893.txt#0_1,long,a horizontal desire,1.0,0.33216023445129395,0.33216023445129395,1.3939761936287507,0.7173723658772354,1
